{"min": [-0.514147, -0.79634, -0.411825], "max": [0.495505, 0.655034, 0.445384]}